sha256	bytes	mtime	path	title
9ce374b210a0375d2978e3ec05c4772f07ea7629e77bd668916011efcf668361	8611	2026-06-21	acme-quine-2026-06-22.html	ACME Cryptographic Workstation - Quine Source Package
c3309a1510190c3781b80d53352d626c2e8aa4dac4a6a6fb0251702f1c592109	475907	2026-06-21	acme_crypto_quine_1782088766311.html	ACME Cryptographic Audit Workstation // Steven Greeran Portfolio
16b2d10051c8ffce85277a3e96c8442ff0103fd6fc016743bb523c5f8217e22f	475907	2026-07-09	acme_crypto_quine_1783601262204.html	ACME Cryptographic Audit Workstation // Steven Greeran Portfolio
ff4de047984c96ae42c71bf37f660b8086d19bf004f52a77f20cb1ade62342b0	498003	2026-06-21	acme_suite_quine.html	ACME Labs HTML5 Software Suite | Classic Unix &amp; X11 Utilities Remastered
31c6822092799d24ff50be6b2c6805d6f3a1d7d37e16b1218914225876142e29	526169	2026-07-31	audubon-bird-brain-research.html	Audubon Bird Brain Research
0a99f6c1cad66da3901f73e82f8a2399aed8315db964e3bcfbec4fa193bf0fd6	492421	2026-07-03	AURA_SoundStudio_Quine_1783095741599.html	AURA SoundStudio Pro | THX, Dolby Atmos, Bose ANC, Real3D &amp; IMAX Audio Processing
cb9bac38bdae5048e5da9ff6d1fd957d2bd8698eb0240fb7507bd3ca2b9f6a11	431401	2026-07-03	AURA_SoundStudio_Quine_Self_1783095663453.html	AURA SoundStudio Pro | THX, Dolby Atmos, Bose ANC, Real3D &amp; IMAX Audio Processing
129b03505824879b8a4429576e3de6951c8599644c1afcaae80840f79237695a	4555966	2026-06-03	bip39-standalone.html	BIP39 - Mnemonic Code
f5baec953d514a6e2ee997358d63a886ea771cdb3a760dc3408bebfd77a788dc	63968	2026-06-05	bip39_haiku_wallet (1).html	BIP-39 Haiku Wallet Generator
f5baec953d514a6e2ee997358d63a886ea771cdb3a760dc3408bebfd77a788dc	63968	2026-06-05	bip39_haiku_wallet.html	BIP-39 Haiku Wallet Generator
cc590b9a84e31b74d9d5980713f7f60b12e1ab605b0a94bce3e8df2ffc06d426	36637	2026-07-04	Cancelation.html	NOISE•CANCEL
0731144310f3e2ab3a2988ddb4dc3ed27d586cec965a406c5273dd3d67a593c4	869264	2026-07-16	censorbench (1).html	CensorBench — Censorship Testing &amp; Sorting Benchmark Suite
d02d0482267ae5afff2cf84f086ca45bf7fdb76fa13e2f8847b0fa6bedc4d546	135095	2026-07-16	censorbench.html	CensorBench — Censorship Testing & Sorting Benchmark Suite
9ebf004dd282deb33bde78c5b602377116fa7e4cf7b5a50f7f3388989a0e0140	602665	2026-07-27	Cipher-Machines-and-Cryptology-Suite-2026-07-27.html	Cipher Machines &amp; Cryptology - Interactive Simulator Suite
f6b09e0f75cafee99c15cdcd757f16ef4b2b84d7f9cb9dad14cd610aa53e3cde	771227	2026-07-28	Cipher-Machines-and-Cryptology-Suite-2026-07-29 (1).html	Cipher Machines &amp; Cryptology - Interactive Simulator Suite
f5c9c6a13710f6be2f23ebe21ef8be5bd8f5b0f04ac7cafc2cdfcd2f7eecc0ec	821294	2026-07-29	Cipher-Machines-and-Cryptology-Suite-2026-07-29 (2).html	Cipher Machines &amp; Cryptology - Interactive Simulator Suite
9ad16f13d8028f8cf476afd58d597bb106d5ee2451fc79661848c88cca7f8fda	699965	2026-07-28	Cipher-Machines-and-Cryptology-Suite-2026-07-29.html	Cipher Machines &amp; Cryptology - Interactive Simulator Suite
4d66e693a9f55f04d538d89b6e707b48e896503013bfddbb3d0073693f08de4b	915042	2026-07-30	Cipher-Machines-and-Cryptology-Suite-2026-07-30 (1).html	Cipher Machines &amp; Cryptology - Interactive Simulator Suite
a21772c51273d377c04aef61b27aacefe959548912831aa9e4466f96bbbb7887	849192	2026-07-29	Cipher-Machines-and-Cryptology-Suite-2026-07-30.html	Cipher Machines &amp; Cryptology - Interactive Simulator Suite
68c9beca85112d4729476fc2af776fb5fe502b980c3e4d535ae867fb492a6322	922150	2026-07-31	Cipher-Machines-and-Cryptology-Suite-2026-07-31.html	Cipher Machines &amp; Cryptology - Interactive Simulator Suite
ccce810cb895c41a647a22a66dc982a03e5ab94e46d9067b0e646cdc9460ba4f	1005098	2026-08-01	Cipher-Machines-and-Cryptology-Suite-2026-08-02 (1).html	Cipher Machines &amp; Cryptology - Interactive Simulator Suite
3f8fc56a812bb97c97909fd5245fd551fc041fc12b2e44078f04c6fe4611cdbc	970996	2026-08-01	Cipher-Machines-and-Cryptology-Suite-2026-08-02.html	Cipher Machines &amp; Cryptology - Interactive Simulator Suite
62a2c0f1fcada365b5d08dfd158a3e015165fee783a52a386836cb15b3c54b38	466700	2026-07-16	crypto-attack-lab (1).html	Crypto Attack Lab — Portable Self-Contained Quine
295db1684169a5d6fd52f2a801ff8a70a5a8a790ca48230a826becf3b2c31450	452560	2026-07-16	crypto-attack-lab.html	Crypto Attack Lab • Single-File HTML5 Cryptanalysis App
1d2fd78a0421f79fb78c751b5aa5bc16feb63bcf283b1f6cead91602312e5576	752844	2026-06-21	crypto-recovery-os-offline.html	Crypto Recovery OS | Vanity Miner
6db5585054b96f67970c7ef96aba072b9a64a01d70b0a1b0c8ef4cc5e868e9cc	852580	2026-06-21	crypto-recovery-os-standalone (1).html	Crypto Recovery OS | Vanity Miner
fdce54d8c46fb6cdd536cefa612412dbdfa7537ae6c89ebd58d5909850c3d184	766419	2026-06-21	crypto-recovery-os-standalone.html	Crypto Recovery OS | Vanity Miner
4526de4087d680c8c25c9b6e819539193216d2371952a423a9a9ba0a13d92520	328137	2026-07-16	cryptofountain-bbs.html	CryptoFountain BBS — P2P Microblogging with Erasure Codes &amp; On-Chain Sync
e1b0c3a0290c3ded165ab7949aed53f11b475f22735a164e01fb0d6515b6d10c	346023	2026-07-16	cryptofountain-bbs.quine.html	CryptoFountain BBS — P2P Microblogging with Erasure Codes &amp; On-Chain Sync
bdec67bd6212ecf9ed11ac953cb5c87b7d432c6d98561512e9f5f9f178703670	32901	1980-01-02	cryptopoly (1).html	Cryptopoly - The Crypto & NFT Board Game
6a37b85df46f7ca5d01a07954e927991ca5ad004ec042c5cb704188dcbcec685	32904	2026-06-13	cryptopoly.html	Cryptopoly - The Crypto & NFT Board Game
64dcf23d944b0360af1e787e74fbce627aa7e3e3d5ec0a6608b11e63833c03ee	128737	2026-07-03	CTF_Problem_Database_Offline.html	CTF Problem Database — Offline Browser
9ebbfc77bb77cae242590dfebe9a435ec12b7753c6c2d28cf595dc55353c4d32	1333468	2026-06-17	cybervault-1781717178625.html	The Vault - Members Only
e1de9d672bb7baf8d099d73cb3462c8a926369cb02f01af923707298ec214f9d	1261828	2026-06-17	cybervault-1781717928108.html	The Vault - Members Only
3a77b6c6980e546c8d7c5d38fe1dad5efb14c9e34378cec33aa6cad8799384d5	1395136	2026-06-17	cybervault-1781719589053.html	The Vault - Members Only
17eabac60a4e40a4188f688e7eefeb74df566c6d0f8705036d1f240430a4af2d	1299631	2026-06-17	cybervault-1781719794757.html	The Vault - Members Only
01d4b0f1467dfbd7be2a3bca409efea1b97bc33a387131407760281adb63be61	1400869	2026-06-17	cybervault-1781736809534.html	The Vault - Members Only
05abf152e2b856ddca71d01cfad13ef1a0df026e46db8030e09eec0163dbca99	1738905	2026-06-17	cybervault-1781736948866.html	The Vault - Members Only
85db7330fe45dc4243dad2b7cd687cba9303c2c45c216c341cba89fa35cae607	1304378	2026-06-17	cybervault-1781738553480.html	The Vault - Members Only
dfc6add20f139f16c2a92357e25aefe1c423fff16f5332ff28c2f2b6869ce6aa	1322191	2026-06-17	cybervault-1781738638461.html	The Vault - Members Only
cb2420267b643d50c400fe5d387706d9f593d7f288d2111bf5296ef13af405fe	1395682	2026-06-17	cybervault-1781739553580.html	The Vault - Members Only
7dd87027cc9500f94e45cd905ea28a68e7862b5cce8751ef96019b8bb15f9c95	1310290	2026-06-18	cybervault-1781779683218.html	The Vault - Members Only
c594a673c9b12e245c270545e2c72e6db18477f7a6dc6d8a8a04b5c76862bf48	1310034	2026-06-18	cybervault-1781779936193.html	The Vault - Members Only
97f7d4548536e025d8d22245ecb3d7e2407da90723d398a17d62c852b49ce761	1409575	2026-06-18	cybervault-1781780369839.html	The Vault - Members Only
05cb096d0bd516745df6e79ba14a4016a7cf88fffcb1a5e4dcc399236136cee5	1315381	2026-06-18	cybervault-1781780425870.html	The Vault - Members Only
78a65b721b645736cc22d6ccaf72c9f544679954b1ec6bdd7b1232ee342dd525	1316383	2026-06-18	cybervault-1781808185338.html	The Vault - Members Only
9d942f2ca47bef47bb62174f68f53904021fdca1689c006fe408bcd94801cae6	1315480	2026-06-18	cybervault-1781808235844.html	The Vault - Members Only
dd1836f07965ad30e15ab6c8a69f27337bb3d07551cb909a6c6ddc34dba6836e	1330908	2026-06-19	cybervault-1781864390518.html	The Vault - Members Only
ec5be7945c3da19b9b7dddc2ee3d548e7968319671e2e769176de97c3982248d	13579	2026-06-04	DECRYPTORv1.html	Standalone Offline Decryptor
dbb1ecfe3aebf641fc0aea31535ed1829b1c85e6ffc0a6bb8c62c9cbc19bd1a6	11079	2026-07-13	dna_dashboard.html	Family DNA Inheritance Dashboard
8b3e679646d5cd4ee6ea88ca1eb4844f3fe9f4edb13e89eec85adaed721c93f6	12565	2026-07-13	dna_dashboard_final.html	Genetic Heritage Dashboard - Steven Greeran
5bfab1ed967732f3e5171c28efd6e1d85dd5ea76302d2640e6809b9000fa9131	12913	2026-07-13	dna_final_report.html	Advanced Genetic Heritage Dashboard - Steven Greeran
b26b3d7081393445af52aa4aa28052947d340a1d103f8eea1540f52ba5470cca	19428	2026-06-05	enso (1).html	Ensō • Zen Circle Generator
3751b3d8fb1e15921b5ee9f5dc3d3dddc66a6c846fb0776885c7e2db38e95790	9857	2026-06-05	enso-generator.html	Procedural Ensō Generator
95fbc7e2ee4619dac8dbb0cc992df14b3b8a5ecd74164f6a942c15880e5bd823	15066	2026-07-17	enso-quine-003f6b0f (1).html	Ensō Quine — 003F6B0F
773fd5efbe7b57dabf64852dc0aeb15fc98efd8069c65ca9f01c9e4fb6f65d39	15044	2026-07-17	enso-quine-003f6b0f (2).html	Ensō Quine — 003F6B0F
6ec083db093eab62c16b410c703bd4009106ee7068dbff3e474fbee8fa04cb27	15019	2026-07-17	enso-quine-003f6b0f (3).html	Ensō Quine — 003F6B0F
bddd69de6d773ffe6eb9a570a65d65f03becaaa0603aa1a74d92932723961cb8	15015	2026-07-17	enso-quine-003f6b0f (4).html	Ensō Quine — 003F6B0F
6ec083db093eab62c16b410c703bd4009106ee7068dbff3e474fbee8fa04cb27	15019	2026-07-17	enso-quine-003f6b0f (5).html	Ensō Quine — 003F6B0F
d5ef0afd1d9b5338d1f689bf8c0a493d13d7963cf7696444c97db86076430ddf	15019	2026-07-17	enso-quine-003f6b0f.html	Ensō Quine — 003F6B0F
1658d32edba6c782314b1fc9b153f9b7ca9c96005c80dd9b2b83709e0555bc05	26929	2026-07-17	enso-quine-33f6f69e.html	Ensō Quine — 33F6F69E
7b301502b1bc754e210a4f45e4636d80a1661569dca0d2b4571f486757d9ae9d	52005	2026-07-16	enso-quine-4ec4e9ed.html	Ensō Quine — 4EC4E9ED
5b1a18511b900ff995c73c9ab18cfcfa3f288833c55771af0a8ccea041e058af	68086	1980-01-02	enso-vault (1).html	Ensō Vault — Haiku BIP-39/44 Wallet Forge
5b1a18511b900ff995c73c9ab18cfcfa3f288833c55771af0a8ccea041e058af	68086	1980-01-02	enso-vault.html	Ensō Vault — Haiku BIP-39/44 Wallet Forge
dfe839f3d5ff4c302aecdc4d362563938aae0276a8f3db61bda37226accc47ba	40121	2026-06-06	enso-wallet-vault.html	Ensō Poetic Cryptographic Forging Engine
48fe388329e8890676a9581bb97bc70f687cb30e73c413c903ca3317758bde91	1175	2026-06-06	enso-wallet.html	frontend
5fe991c25095c9324e190c3cb3a3dd9e354da83bd68c9977ec64ed43ccef8e8e	1749	2026-06-04	enso.html	Generative Ensō Circle
48fe388329e8890676a9581bb97bc70f687cb30e73c413c903ca3317758bde91	1175	2026-06-06	ensoforge.html	frontend
a923139d4cb8fd64da6f62ac4a1647a713f9a4132eae80ef6d00d60690a8007d	14572	2026-06-05	ensogen-4155714878.html	Ensō Generator — ENSOGEN 4155714878
c2bb6d31a1866c173c4a098ff96666f76dc1599290397a8a8baf6ce6bad958ab	2926	2026-06-04	ensogen.html	Authentic Ensō Generator
9a2540ca4f2013408119ae63a3b8d1cd157def62f5f1b9bef548b76d76a28a42	15044	2026-06-05	ensogen_v3_chop.html	Procedural Ensō Generator
987d847951a86fc6af7dd9a0dbfc481b6bb2027c99afc20d225601944abdb990	34063	2026-06-06	ensogenerator (1).html	Enso Wallet Generator
f3a285313575002044df07abe311397d69a8be4f597a61de4468e6b4199c35ed	19199	2026-06-06	ensogenerator.html	Enso Wallet Generator
21a70c8e8e91ef956b301b5cd5edcc8147f9db46d205a9b153c7b7cd6da41756	1590	2026-06-06	ensowalletgen.html	frontend
6d1abebdcb0a22fd11f618c70a2516c7f574c25679cbe387c275a31afd69ade5	118160	1980-01-02	ensoworld.html	Ensō World
31e3104bbe17e4af06c9579ca483428fe53b53ec8f0091baae1ba574b8fbab41	35724	1980-01-02	family-tree.html	Greeran Family Tree — DNA Heatmap (root: Steven Greeran)
94451bb934f7d6cadae68911558219810cef61ac250a8bd8fb704ce26fa8de86	7524	2026-07-13	family_summary.html	Family Legacy & Genetic Mapping
c01906b6b6099845eabec0ba1653021936365ee868722b14d8803097c8d491b6	496754	2026-06-21	GCWizard-Offline-Standalone.html	GCWizard - GeoCache Wizard HTML5 App
af3610d6bb170d9cc9da5383ff2c9274327daf7b6e0f744714dd23e8eb1c4fd7	504483	2026-06-21	GCWizard-offline.html	GCWizard - GeoCache Wizard HTML5 App
c346e5c509dd512169bc0823399b001e4f826581ecc8b538fd8ef48170a1472b	71299	2026-07-22	gedcom_tsp_final_inline (1).html	GEDCOM → HTML5 + Melissa Geocoding + TSP Route Planner
24a51657068a84bcb1493913fae5f5909862856be9797fed679140e4f9a0cdf5	69053	2026-07-22	gedcom_tsp_final_inline.html	GEDCOM → HTML5 + Melissa Geocoding + TSP Route Planner
d7fc83e628e719fb2b3407b69e09240acb944e101c9e9fcdf25963db7a991950	27769	2026-07-23	gedcom_tsp_lisa_wiremesh_final.html	GEDCOM TSP Safe Final — Wire Mesh Earth
23271aed9ad83722abf8ac2613c9b5d46265039f4ceba5bb69d0fcc9c42cc4a3	33514	2026-07-23	gedcom_tsp_offline_final_inline.html	GEDCOM TSP Safe Final — Wire Mesh Earth
2945e339146b5fb068f9ec55cb38bbaeaec49d30bb516c92fa67e385405fca64	116267	1980-01-02	generator (1).html	Banano Paper Wallet Generator & Rare MonKey Scanner
f1fe2dc922583795ac787e5583c889213745ab7ffde4b1c488fa69f8f7d9ca31	35516	1980-01-02	generator.html	Banano Paper Wallet Generator & Rare MonKey Scanner
e0a023aa7fed81020ec77eb38dea6b6d7298f7fb746dee3e54133e8cbdf1be60	664511	2026-07-11	generator.offline.repaired (1).html	Banano Paper Wallet Generator &amp; Rare MonKey Scanner
4cb088f54fbd928363d2c7dc03bd1ffb450659d2a3ce52b024c0fd8fb4ce5f2e	658079	2026-07-11	generator.offline.repaired (2).html	Banano Paper Wallet Generator &amp; Rare MonKey Scanner
90575816cb2e1028f48eaa7a3d925269239b9f4c068ac2316ff97cbf9114eb31	704920	2026-07-11	generator.offline.repaired (3).html	Banano Paper Wallet Generator &amp; Rare MonKey Scanner
ef99e12702234adf02bf6f5133e488996e1b61b6c9f874035911471f232b2940	727494	2026-07-11	generator.offline.repaired (4).html	Banano Paper Wallet Generator &amp; Rare MonKey Scanner
2c33cbe143536f1bf95a71b62619eab7bf42fd2715fba6e9f1a9beec19482675	721700	2026-07-11	generator.offline.repaired (5).html	Banano Paper Wallet Generator &amp; Rare MonKey Scanner
2c33cbe143536f1bf95a71b62619eab7bf42fd2715fba6e9f1a9beec19482675	721700	2026-07-12	generator.offline.repaired (6).html	Banano Paper Wallet Generator &amp; Rare MonKey Scanner
cdc5b25c97e822c557f538f770994b2410d794309605eda66ffd32ba6a0bdb95	750240	2026-07-12	generator.offline.repaired (7).html	Banano Paper Wallet Generator &amp; Rare MonKey Scanner
58a3cf2605640421852988197484c7ec4d22bbfa9bea03eb742dc66daa0e7fa5	757317	2026-07-12	generator.offline.repaired (8).html	Banano Paper Wallet Generator &amp; Rare MonKey Scanner
13e79d930af3e013cade3af7e9b933fdb4ced29cbee860d2523a0a9693e7afe6	649687	2026-06-27	generator.offline.repaired.html	Banano Paper Wallet Generator &amp; Rare MonKey Scanner
8e5b63f4836d934521bdfe5d3e83bc06fdc876113d4e1708e333662d91fd620e	11543	2026-07-13	genetic_dashboard.html	Genetic Heritage Dashboard - Steven Greeran
e6cbbf4e71da7f9886db8dfeb4ae35baf85a77e256f323ebb8a70d16337d4302	9330	2026-07-13	genetic_heritage_v2.html	Genetic Heritage Dashboard - Steven Greeran
f3e9588d726fc345243bf2a68ab9de231225baa72d5f9de30c361f5c3d249c26	25781	2026-06-27	Greeran_COMPLETE_BREAKTHROUGH_Final.html	Greeran Seize Quartiers — COMPLETE ✅
f5155a161c27aa78f8c0d524028485873d88b4af3e211730139972df33a4944d	117021	2026-06-27	Greeran_Complete_Family_Tree.html	Greeran Family Tree — Complete Research Database
095bac6c56a93be573aeb5c0c27a75162ad1fc140a4bcb1d3356d68cedc6cbd2	44287	2026-06-27	Greeran_Military_Service_Map.html	Greeran Family — Military Service Map
8ce7ac7514ede775612af8bdb540a5242eb8f934b57b41065feeed1adb537d3b	23517	2026-06-27	Greeran_Seize_Quartiers_Session8_Final.html	Greeran Seize Quartiers — Session 8 · Final Findings
39913b46ba5875dc5f89d77b2efae38bf16b84a43229200b4cf934286d3d41eb	7589	2026-06-03	haiku.html	BIP-39 Wallet Haiku Generator
e1fafdd7da1d8504dea5b3fd81e56833e5bbe97f7c3f3bded3cffaf8c4b8db4a	11872	2026-06-18	haiku_app (1).html	BIP39 Haiku Generator & Verifier
28fcada7f4a144c84c41c98c0ae833857be59c191d9c780e520ec953833858f5	10953	1980-01-02	haiku_app.html	BIP39 Haiku Generator & Verifier
bc4049ad27b5d98d29ce6e16ecee49efb21036757b29e31f87386b3cee682eb6	19136	2026-06-04	HAIKU_WALLETv1.html	BIP-39 Haiku Wallet Miner
3a46506c3d161f17b3903e7434c0da00890f3629126a78699b47a2897f45a574	19467	2026-06-04	HAIKU_WALLETv2.html	BIP-39 Haiku Miner (Checksum Verified)
a1e97aa8a5c83cef3efa8cf51c9c5d51983e1b87b8e0ef95b9337013fc3cc1de	23513	2026-06-04	HAIKU_WALLETv3.html	BIP-39 Cryptographic Haiku Miner
fcd6a6f062a1f067bcc6f5dad349ed53e339965e2770a006db98d08faa0c3103	14231	2026-06-03	HAIKUEv2.html	AES-256 BIP-39 Haiku Generator
09368c03d800d96b81f22fe8901e21d84e1362fd6eff7302c19439dc841e90b5	7161	2026-06-03	HAIKUEv4.html	AES-256 Offline Decryptor
eed4bd811870e2dc74e139b69ca5e7d3c77442acc6afe4437b652c1c8fd2a0eb	10530	2026-06-03	HAIKUEv5.html	AES-256 Offline Decryptor (Memory Optimized)
e3b0c44298fc1c149afbf4c8996fb92427ae41e4649b934ca495991b7852b855	0	2026-06-05	Haikuie.html	
a7fd15f9e5cba47f00460a13e54674fd5457ef646f27574d87c887218cdfd95a	14335	2026-06-04	HAIKUIEv6.html	Standalone Offline Haiku Miner
7bfc75f9f582d167e392b4128308dd5fe370368e8b2a2f35c4c67e5f0314a8fb	10751	2026-06-03	HAIKUv1.html	BIP-39 Wallet Haiku Generator
6a6f17b4dd1397c4a78d28269a818464ce804d41a1ed0461c06cbaa3b7f51f49	16497	2026-06-03	HAIKUv3.html	Advanced BIP-39 Haiku Miner
f794c032ac4bca87574b8a7ef43bca7d4f374ea58bd5ea305d907520c15907cf	988277	2026-06-23	hyper-portal-2.27.0-PIPED-installer (1).html	Hyper-Portal HTML5 Multitool | Converted Suite
ee59672661c25e86f5af88a2b1ad56a65d79e7f6c71ae073ea33ebbded749980	1030997	2026-06-23	hyper-portal-2.27.0-PIPED-installer (2).html	Hyper-Portal HTML5 Multitool | Converted Suite
84d89745a28c1ec21d379b2f09f2d520f79bded1ab8dc83e1a7d12e99b5067ff	1089303	2026-06-23	hyper-portal-2.27.0-PIPED-installer (3).html	Hyper-Portal HTML5 Multitool | Converted Suite
d96afe9343b3c9f152bc3aa3d786b96a2a24cbdc9e80ab24b430a2e5c4580a8b	1090704	2026-06-24	hyper-portal-2.27.0-PIPED-installer (4).html	Hyper-Portal HTML5 Multitool | Converted Suite
ec00adffdf3e385aa13f651e4685c5145a32b654d57f803462c3d4aead5d68e0	1090704	2026-06-24	hyper-portal-2.27.0-PIPED-installer (5).html	Hyper-Portal HTML5 Multitool | Converted Suite
a7ceefcc6809c9feb6cb740930b0c15a037d2f2419135b5a7e4a3c8f0baa3750	871956	2026-06-23	hyper-portal-2.27.0-PIPED-installer.html	Hyper-Portal HTML5 Multitool | Converted Suite
a3d57c4743858dd896cd1e71f73d04d19103ad3173871f1b52dd889922fc5ed4	1105825	2026-06-23	hyper-portal-sfx-installer (1).html	Hyper-Portal HTML5 Multitool | Converted Suite
f043e840f5de31f0f90c462d38b2b587780959d66287b480ca85bd79550e9255	1129533	2026-06-23	hyper-portal-sfx-installer (2).html	Hyper-Portal HTML5 Multitool | Converted Suite
9e50c1282ab96e14c2b5bc7e48b176cb33edd96dc0980ce3ca367e47f5216b6e	1032981	2026-06-23	hyper-portal-sfx-installer.html	Hyper-Portal HTML5 Multitool | Converted Suite
9c0228fc75c8036fabc98a43a0d28ab910df44883c14e78dbbdf217fd73d1db3	542969	2026-07-21	image-encyclopedia-quine.html	Image Format Encyclopedia — All Formats, Encodings &amp; Transfer Protocols
2b969039d107e43aa6c4c70ebb792d877b5505e57fe6ea2d191530dd802388ce	541163	2026-07-21	image-format-encyclopedia-self.html	Image Format Encyclopedia — All Formats, Encodings &amp; Transfer Protocols
8fb4346da59402cf73edc89832d5398b2e21141501e16e05b62f3c8a053fcbc7	47383	2026-07-14	index (1) (1).html	Hacker Dice & Mystic 8-Ball
ea7f3a436f41de17796d79902fe2c0f185939072779734c4aceba1df0ba205f3	22040	2026-06-09	index (1).html	Ensō × BIP-39 Haiku Wallet
de2621da88a515cb1e01eb7a73121258d30b89eaf6463a71b6958d88c0c69f07	39152	2026-06-13	index (10).html	Cryptopoly Live - HTML5 Monopoly Crypto NFT Game
8f22585da0c1ad36027cc2f107bd6d5bd783102abc2347481f5c49ca0ec1bf13	29892	2026-06-13	index (11).html	Cryptopoly - The Crypto & NFT Board Game
776d9367d51a24428189d77b06fe550cd63251e3356f2fcf56c5c47c08bd8809	332	2026-06-13	index (12).html	🍌 Bananocoin Miner - Mine Rare Attributes!
778a3069502e5f79129be8ff46f8f88b0c3bf16393fa3b2a5a9d26f42060101b	483	2026-06-13	index (13).html	🍌 MonKey Miner — Banano Rare Attribute Hunter
93ad36fcb91b32cf05e7597792e1242a37dcf5f02becb60a4d4356554b926fb5	319	2026-06-13	index (14).html	Crypto Monopoly - NFT Board Game
d54385e97a0b99d6d79d5dea0b9aba3e0e99eccc34759a84e56cad4c5b3df922	326	2026-06-13	index (15).html	Cryptoopoly • Live Market NFT Edition
39b06537b9422c775ed10c6b4cf36e8d5463bcec0d7aa19a3690c9b71bc90919	1619	1980-01-02	index (16).html	Crypto Monopoly - NFT Edition
a08fa02ec5d6eceac0a2e3b7c6ee57be92d6a9f9cab8f6285aa9668e9741d399	311	2026-06-17	index (17).html	The Vault - Members Only
9eb3c2ba00582f4785f8fd1c8cf0aa43b525553d95d434a5dbb70fef4f7cd608	312	2026-06-14	index (18).html	GEDCOM Family Tree Viewer
2a3f006e354a5f531ae91574a7988b66cded6f1b2ea93491a186ef4447d28200	325	2026-06-13	index (19).html	円 Ensō Haiku Wallet — BIP39 Forge
eb34fc8636575f906e13ae906c45484711e88bd685b5b04be99b4678045c0658	26706	2026-07-14	index (2).html	Hacker Dice & Mystic 8-Ball
260ce17868bdf9cc047cf86f511cf3254ea4d2d887488a1a3a5b9024d4b8238d	329	2026-06-13	index (20).html	Ensō Haiku Wallet — Tabbed Crypto Suite
5911f68a48e19ae3f23472b085c78317553f5491a27727873adbaf4b0baad425	593	2026-06-16	index (21).html	CyberChef - The Cyber Swiss Army Knife
5911f68a48e19ae3f23472b085c78317553f5491a27727873adbaf4b0baad425	593	2026-06-16	index (22).html	CyberChef - The Cyber Swiss Army Knife
c6a7598171c82873ccf67c6520ae24eaac9dc90a37e29bcc101ad53503c36f66	597	2026-06-13	index (23).html	Ensō · Haiku Wallet Forger — Offline BIP-39/44 Studio
f06a1e227aaeb5e506aaa1bcafe6931df2ead91c5e65425c5742b65d820c5152	637	2026-06-17	index (24).html	CyberVault WebOS • Members Only Portal & Screensavers
b901f11f8f6e5a1ca53dfbf5da69d0e581edfdc87e7355fa08205084313cab65	641	2026-06-16	index (25).html	MembersHub · Private App Store
60817c5ccc1f57dc08179964c331cc64896137ecb830be827289db95b9e74c06	1563	2026-06-06	index (26).html	frontend
9070514b64b5a843f9e243d67741467330ccd161e7abb00f54def01a72ac5727	6839	1980-01-02	index (27).html	News Globe — Live RSS on an Earth
c0fe074cbffec6b6aad26149909606861caa40092edbbfa1c348a9c448a93713	11077	1980-01-02	index (28).html	BIP39 Haiku PWA
ea7f3a436f41de17796d79902fe2c0f185939072779734c4aceba1df0ba205f3	22040	2026-06-09	index (29).html	Ensō × BIP-39 Haiku Wallet
96fd91b9688bf6e30ea45c57c39f7c1772a6dd3eacb732d93427e9d64860a0e6	153833	1980-01-02	index (3).html	EnsōGen, Haiku Bitcoin Wallet & PIM Terminal Suite
529c6372714b696fd30a09687a6517e47f300a6e822d30649f9db7be1b3190cc	38223	1980-01-02	index (30).html	GEDCOM Family Tree Viewer
fb1a7d902b9aca27aa2a4a57693da1c875935788c15335ae14399301fb070c61	30195	1980-01-02	index (31).html	SSTV Lab — Robot36 / Martin / Scottie / PD — Fax & TCP Bridge
23ad104146d9b83773212ed99ec7cd0ae9e181384fa4b13dd6226cc6f9dcc4a0	141242	1980-01-02	index (32).html	Purple Team Training Suite - SecOps Simulation Lab
fb1a7d902b9aca27aa2a4a57693da1c875935788c15335ae14399301fb070c61	30195	1980-01-02	index (33).html	SSTV Lab — Robot36 / Martin / Scottie / PD — Fax & TCP Bridge
23ad104146d9b83773212ed99ec7cd0ae9e181384fa4b13dd6226cc6f9dcc4a0	141242	1980-01-02	index (34).html	Purple Team Training Suite - SecOps Simulation Lab
23ad104146d9b83773212ed99ec7cd0ae9e181384fa4b13dd6226cc6f9dcc4a0	141242	1980-01-02	index (35).html	Purple Team Training Suite - SecOps Simulation Lab
6baa6b861e7dda8e659340656ad2dcea9c5ba55cec571a7b7172be6b707ce280	46415	1980-01-02	index (36).html	Purple Team Training Suite - SecOps Simulation Lab
0b826228da296d513686e44ef53b490b4fb64e563813721de726bec73231357b	219276	1980-01-02	index (37).html	AetherOS - Sovereign Cyberpunk Web Desktop
6d866c289c53130e8add5b478d596fd75d10853cef51e75993ee49a7a6bb11d9	42922	2026-06-21	index (38).html	LightCycle • Sunburn &amp; Rain Predictor
52383c5c593e24265d1afc193cad57b0de5301c1afbde9136b9433beb2b43bb0	336	2026-07-04	index (39).html	Sanborn Codex · The Encrypted Art of Jim Sanborn
c4968a154d1140a8790702976cd771aeb44f5fca0cb39e68bb8ed9e1ea92845a	141071	1980-01-02	index (4).html	Ensō × BIP-39 Haiku Wallet
a26a44a81e2db12108e8e76bece3d57c2a3547e7e34b0ec409155b62aab4c4e9	9087	1980-01-02	index (40).html	Flight Radar HUD - ADS-B Tracker
0b047ed9c125a4cb147dee1e4ad0cc561ba639f5770ae2cc6fb00fbac9cb4deb	89800	1980-01-02	index (41).html	ADS-B Radar Scope
d725ce34188f9a96a28d4d629ae18afa27849d8212ea76e96c5899d3a048cd6c	11273	1980-01-02	index (42).html	FILOFAX Digital Time Machine
f92c90976a77bba376ed0e3c145ad4205d5c6fe77e7f2a63e7d38ba0980b6bc9	951	2026-06-27	index (43).html	The Temple of 24 Masonic Symbols - Interactive Educational Portal
e2ddf84823cf0fd6a978228f91592ace9b07d5707ca7a2b2fb3a96e104c7ec22	494	2026-06-27	index (44).html	24 Masonic Symbols Explorer
0f242076aa2aa670fd4cd73270f22d1db3ebe82917fb5b6456083ac7531282a1	352	2026-06-27	index (45).html	The Temple of 24 Masonic Symbols - Interactive Educational Portal
900eddfd2f6468c05cf962ae6930d77369d1b67e81a3cd164fb642ae038f8d93	738	2026-07-02	index (46).html	AURA SoundStudio Pro | THX, Dolby Atmos, Bose ANC, Real3D & IMAX Audio Processing
900eddfd2f6468c05cf962ae6930d77369d1b67e81a3cd164fb642ae038f8d93	738	2026-07-02	index (47).html	AURA SoundStudio Pro | THX, Dolby Atmos, Bose ANC, Real3D & IMAX Audio Processing
a70aae29fb2d2656d2f6aee0cb05616888f65f102fbab82ce7dedddeb8e4093d	357	2026-07-03	index (48).html	Signal Atlas · Research-first field notes from Textfiles.com to BIP39
a70aae29fb2d2656d2f6aee0cb05616888f65f102fbab82ce7dedddeb8e4093d	357	2026-07-03	index (49).html	Signal Atlas · Research-first field notes from Textfiles.com to BIP39
59a0a1f693f2a14605ce7a5eeb57aaf8e6ebdbca2129aa44e85c22b4c8bddfff	139150	1980-01-02	index (5).html	EnsōGen & Haiku Bitcoin Wallet - Standalone Suite
900eddfd2f6468c05cf962ae6930d77369d1b67e81a3cd164fb642ae038f8d93	738	2026-07-03	index (50).html	AURA SoundStudio Pro | THX, Dolby Atmos, Bose ANC, Real3D & IMAX Audio Processing
900eddfd2f6468c05cf962ae6930d77369d1b67e81a3cd164fb642ae038f8d93	738	2026-07-03	index (51).html	AURA SoundStudio Pro | THX, Dolby Atmos, Bose ANC, Real3D & IMAX Audio Processing
ecc7a2f4a3a532cebb66c011c3b69de2381dfa5ae6a735c1ab5921697e551808	50378	2026-07-03	index (52).html	ANC Studio Pro — Optimized FxLMS
bf9c15e59814bdf4edca4ee458a68ab379909ff5f87ad3d346b6344b5ddcde11	51526	2026-07-03	index (53).html	ANC Studio Pro — Adaptive FxLMS + Howling Suppression
4a0d3df198a88e43872b7fdac23e2f693ef5901839ce1d0d2f02ec4312036847	65005	2026-07-03	index (54).html	ANC Studio Ultra - HTML5 Active Noise Control Lab
26a187c34ad41e84256975f4b830dbbcbfe1d59631ae88881e19f2d1fc757490	58500	2026-07-03	index (55).html	ANC Studio Pro — Adaptive Multi-Band FxLMS
0018213c5f060c31bfb4af4a565801ee446fba39296733a93c31c4cf9cafe415	64874	2026-07-11	index (56).html	Banano Paper Wallet Generator & Rare MonKey Scanner
6c02f0722f566d02b8dfa71db702c8590e0c710ee027113c5d38297aecca714a	78979	1980-01-02	index (57).html	AETHERIS: Highly Optimized 3D Ahnentafel Doughnut & ZPE Module
192a17d57a2ae2a104dbef26b4d86d87949c646eb39f32d0fb0924f819ed0553	348	2026-07-16	index (58).html	Seize Quartiers - Family Tree Visualization & Query Workbench
e8c93558f2a0f4b63e1670d580b8d910faae88c1fd9b6e4e7a6d6c1a9fd78a34	312	2026-06-13	index (6).html	PIM · Ensō Haiku Wallet
b08f3fe94cae3e4ba9ddfd35356d5810b0412823e62dc58451ef3e5b8ef9fbcd	362	2026-06-13	index (7).html	Wiki-in-a-Jar | Browser Wiki · IRC · PIM · Enso · Haiku Wallet · Waves
b63927cd15b9ed86c80c04f6fb2f0b7459bbe1723faab0531284407321b6eb7b	331	2026-06-13	index (8).html	Wiki-in-a-Jar · Ensō Vault · Haiku Wallet
b5cbb04668ebee45d6fb9f62f0bca74b656b00a575fa5ca3c24657307741a327	314	2026-06-13	index (9).html	Ensō Forge · Haiku Wallet
ea7f3a436f41de17796d79902fe2c0f185939072779734c4aceba1df0ba205f3	22040	2026-06-09	index.html	Ensō × BIP-39 Haiku Wallet
ea7f3a436f41de17796d79902fe2c0f185939072779734c4aceba1df0ba205f3	22040	2026-06-09	index.html.old	Ensō × BIP-39 Haiku Wallet
dcb3b11c44ea2534374966a4b244123e81c321f6bfeb5914f47bbec3d30ea6c0	893	2026-07-03	index.offline (1).html	AURA SoundStudio Pro | THX, Dolby Atmos, Bose ANC, Real3D &amp; IMAX Audio Processing
c197d849b36478117ae6ee5ba2585eeba9572b5bb3233d2fa8c32afc7bedd1ac	555	2026-07-03	index.offline.html	Signal Atlas · Research-first field notes from Textfiles.com to BIP39
6df75ccb6cdb426ceac7d3349adf1b22ae7c585157d7349680826a53694c3721	946	2026-06-30	index.offline.repaired-1.html	CyberChef - The Cyber Swiss Army Knife
6df75ccb6cdb426ceac7d3349adf1b22ae7c585157d7349680826a53694c3721	946	2026-06-30	index.offline.repaired-2.html	CyberChef - The Cyber Swiss Army Knife
6df75ccb6cdb426ceac7d3349adf1b22ae7c585157d7349680826a53694c3721	946	2026-06-30	index.offline.repaired-3.html	CyberChef - The Cyber Swiss Army Knife
ca50ae9e880baef581b7033a68216d91dd01843ef9b1c3c13b352af939fe326f	1028	2026-07-03	index.offline.repaired-4.html	AURA SoundStudio Pro | THX, Dolby Atmos, Bose ANC, Real3D &amp; IMAX Audio Processing
ca50ae9e880baef581b7033a68216d91dd01843ef9b1c3c13b352af939fe326f	1028	2026-07-03	index.offline.repaired-5.html	AURA SoundStudio Pro | THX, Dolby Atmos, Bose ANC, Real3D &amp; IMAX Audio Processing
ca50ae9e880baef581b7033a68216d91dd01843ef9b1c3c13b352af939fe326f	1028	2026-07-03	index.offline.repaired-6.html	AURA SoundStudio Pro | THX, Dolby Atmos, Bose ANC, Real3D &amp; IMAX Audio Processing
ca50ae9e880baef581b7033a68216d91dd01843ef9b1c3c13b352af939fe326f	1028	2026-07-03	index.offline.repaired-7.html	AURA SoundStudio Pro | THX, Dolby Atmos, Bose ANC, Real3D &amp; IMAX Audio Processing
230b2c3b5f28576579535c131dba95177546b1600474036ed37cbbee9ed9b283	690	2026-07-03	index.offline.repaired-8.html	Signal Atlas · Research-first field notes from Textfiles.com to BIP39
230b2c3b5f28576579535c131dba95177546b1600474036ed37cbbee9ed9b283	690	2026-07-03	index.offline.repaired-9.html	Signal Atlas · Research-first field notes from Textfiles.com to BIP39
59d074a02c68246d9880b59aadda237a03bc8ed1afb061981d34f1a51413b029	994	2026-06-30	index.offline.repaired.html	MembersHub · Private App Store
ceb3e0d8fd4361b08cb93cf8e707669e27ee88188bb514618c9b40baae9d1b36	91710	1980-01-02	index.template.html	AetherOS - Sovereign Cyberpunk Web Desktop
dbdddda669138e83eba67e194c9e661483f6e391d6f01c9f0fd3b58ba562de23	790	2026-06-04	index2.html	Ens&#x014D;
79dd5780f4597dfd9c304b685698d034446c11c986d199c685bc235af0372304	22724	2026-06-05	index3.html	NFT On-Chain Viewer
82cad03c1718f869aaa3287138440481330c4020f80796d72aca71139816aefa	62832	2026-06-09	index4.html	Ensō × Haiku Wallet Miner
f9f04ba9bec59202af47bf451051f05798bc3f85f2be8573c37e474ab9e51e5a	62218	2026-07-04	kryptos_vrml (1).html	Kryptos – Immersive CIA Cryptographic Experience v2
f9f04ba9bec59202af47bf451051f05798bc3f85f2be8573c37e474ab9e51e5a	62218	2026-07-04	kryptos_vrml.html	Kryptos – Immersive CIA Cryptographic Experience v2
29952bb430acffd5c9536f00c8a0a6cef62820d084d6b904f1f602b204db8f46	53917	2026-07-09	kryptos_vrml_backup.html	Kryptos – Immersive CIA Cryptographic Experience
4d20491d5a2ab4b05b69d1c2f0532d82a5d5449521ae300887e58b0b6eb6c3ce	17503	2026-06-21	LightCycle_Quine.html	LightCycle • Sunburn &amp; Rain Predictor
ff26eb4b43052d7988f3a959ebd5fc57609e21681b7700984382170a0df665d5	697071	2026-06-21	multitool-app-quine (1).html	Hyper-Portal HTML5 Multitool | Converted Suite
44e907893a7e998e8eb1c537dbafc67b3a10a52c3d9b02a8a51b9fa5c211e4cf	694337	2026-06-22	multitool-app-quine (2).html	Hyper-Portal HTML5 Multitool | Converted Suite
780c7e172eb155ad9811e2c45019a196f5a1b60fe83622e30484771b87a184a2	763427	2026-06-22	multitool-app-quine (3).html	Hyper-Portal HTML5 Multitool | Converted Suite
dc2b0592f87430837869c310b29c1c35135ad84713af0c67ac7b1782250e7dc4	788940	2026-06-22	multitool-app-quine (4).html	Hyper-Portal HTML5 Multitool | Converted Suite
3f5c9d4e4399937f839c3f147064c4b5ed9bb6acef59524b3907d8d66735e3dd	800478	2026-06-22	multitool-app-quine (5).html	Hyper-Portal HTML5 Multitool | Converted Suite
3e2489305295e33d6aaf7857c638671d77b99c84e10d460d1650aa0ddc3dc11e	808174	2026-06-22	multitool-app-quine (6).html	Hyper-Portal HTML5 Multitool | Converted Suite
ef53b459dafb5cf3b0fd443153c0c474b7479a012dba224b5229b6684711c6ea	803025	2026-06-22	multitool-app-quine (7).html	Hyper-Portal HTML5 Multitool | Converted Suite
a61f9bafca0e894f2abcfbbcd819b84cf0edd9bc65f7948a924822fd7087ed84	552250	2026-06-21	multitool-app-quine.html	Hyper-Portal HTML5 Multitool | Converted Suite
01aef4c221ed7a0f61b9580a9d07cc486ea3bbbd3f5e1b30c65d5d5d582552da	458098	2026-06-05	ndx.html	Ensō | Matto.xyz
41328f78ab78decf44942c7cde2fa45458ae1a9db0983105f6bbbcb9796b90fd	25352	2026-06-05	ndx.js.html	
ef0587b35fb46af1c76bc285ede79998bb4e5a39675e8cc01a3c594042deece5	51779	2026-07-12	netscope (1).html	NetScope v4 — Mobile UX Fixed, Overview Collapses to Sidebar
6566fe7976c2595bb8748224657389beb6624ede549809db3aad2dbc9e3b00ec	53869	2026-07-12	netscope (2).html	NetScope v5 — Mobile UX Overhaul + Bottom Nav
5348549f5dfd7c030a354675d2db63362b6ef4e176687686f93f6d23c3f984ed	71369	2026-07-12	netscope.html	NetScope v2 — IPv4/IPv6 + HTML5 Nmap + Bypass Lab
a4e4341d6dffa675ab5ab85ff5946f4ed526b60e00263e9301da1e919c6031ca	74406	2026-07-12	network-topology-scanner (1).html	Network Topology Scanner & Subnet Detective
a4e4341d6dffa675ab5ab85ff5946f4ed526b60e00263e9301da1e919c6031ca	74406	2026-07-13	network-topology-scanner (2).html	Network Topology Scanner & Subnet Detective
1ad3325adb721e991fbd06a29d14b2e82b132eec8808b0978a4f33e77723f5e9	70367	2026-07-12	network-topology-scanner.html	Network Topology Scanner & Subnet Detective
1f3ede727d5886af5cd277fdf4a860d4dc340785406f79f3c74cd3585cbadfe1	2278	2026-06-17	news-globe-app-1781706672984.html	Spinning News Globe – Standalone Offline
2e87578f9c5d702c03669dac50c8e77f7864c1ecdea5a2d64b5a04d605004c49	134184	1980-01-02	news-globe.html	News Globe — Live RSS on an Earth
70d89f65244ccf981375929bc950ddc6b8fe197a0c9de7c88f82db979d3c618e	357312	2026-07-04	noise-canceling-sanctuary (1) (1).html	Noise Canceling Sanctuary
70d89f65244ccf981375929bc950ddc6b8fe197a0c9de7c88f82db979d3c618e	357312	2026-07-04	noise-canceling-sanctuary (1).html	Noise Canceling Sanctuary
9772839d53597f79927255d58005ba87823cc5b7a957da6e0101d6e91330aff3	356037	2026-07-04	noise-canceling-sanctuary (2).html	Noise Canceling Sanctuary
9772839d53597f79927255d58005ba87823cc5b7a957da6e0101d6e91330aff3	356037	2026-07-04	noise-canceling-sanctuary.html	Noise Canceling Sanctuary
e3d58385b2f54580a11b1183ee50e9168386444605533da24a95122e44203874	1242	1980-01-02	offline (1).html	Purple Team Lab - Offline
e3d58385b2f54580a11b1183ee50e9168386444605533da24a95122e44203874	1242	1980-01-02	offline (2).html	Purple Team Lab - Offline
e3d58385b2f54580a11b1183ee50e9168386444605533da24a95122e44203874	1242	1980-01-02	offline.html	Purple Team Lab - Offline
d04d66182e9f32b8bfee935980a95b563083b822c6bfeec5454e3900e0e2261b	1037777	2026-06-21	OmniPortal-Quine-Workspace (1).html	OmniPortal | The Ultimate HTML5 Toolkit &amp; Workspace
78c5638b5f0a1ff3ec80ef7c727da60571122660905bc1c580adefdc42f96eaf	969748	2026-06-21	OmniPortal-Quine-Workspace.html	OmniPortal | The Ultimate HTML5 Toolkit &amp; Workspace
4448392285db8206f6d07b76ee18883b536482569f4f4540013c60ae95308655	100005	2026-06-21	patent_office.html	Patent Office Secret Bookshelf - Control Room & Standards Archive
99e62560d5aa4f1b9e0130d10bc127fbe2044b23654ff8d9d55d8541e440b5b4	1080436	2026-06-21	patent_office_quine.html	Patent Office Secret Bookshelf - Control Room & Standards Archive
a983649693ed33fc04e5b91bca2d2a4e1ec857c3ac092682866a59730a0c85f6	493150	2026-06-21	patent_office_standalone_2026-06-21T11-17-57.html	Patent Office Secret Bookshelf - Control Room & Standards Archive
e3b0c44298fc1c149afbf4c8996fb92427ae41e4649b934ca495991b7852b855	0	2026-06-21	patent_office_standalone_2026-06-21T12-24-47.html	
9b3697ce759b537bc574f4f0dd0f99d25f46f7fc7aef3681054f3c54f47d5319	495284	2026-06-21	patent_office_standalone_2026-06-21T12-25-37.html	Patent Office Secret Bookshelf - Control Room & Standards Archive
94669b6176ecc8a231dfd924444ef370a68176028066e9750468d57f1df8df11	496856	2026-06-21	patent_office_standalone_2026-06-21T12-27-03.html	Patent Office Secret Bookshelf - Control Room & Standards Archive
94669b6176ecc8a231dfd924444ef370a68176028066e9750468d57f1df8df11	496856	2026-06-21	patent_office_standalone_2026-06-21T12-27-11.html	Patent Office Secret Bookshelf - Control Room & Standards Archive
90adb00895604586ccdbfa4a953670956a454aae93a30a7e89e023bf591ba3bf	532964	2026-06-21	patent_office_standalone_2026-06-21T14-30-16.html	Patent Office Secret Bookshelf - Control Room & Standards Archive
a038ba8b34bdbc53ea6943e6412f513e9d14566e0993d4b30a84ae6a3666144d	532964	2026-06-21	patent_office_standalone_2026-06-21T14-35-46.html	Patent Office Secret Bookshelf - Control Room & Standards Archive
5eeca4790735df31caa31ef8a61c81d917d1861549eda527d05b7cd9ab325a90	85342	1980-01-02	pim (1).html	PIM – Peer Instant Messaging
59753db2ca607ff5ffdea8f5a873953193f99e90eb399b175abb0051b3b03a99	70164	2026-06-07	pim.html	PIM – Peer Instant Messaging
edb7955a205e85f177f3c66179d5488cc817ab0121b1e4b0880253a50846cf35	53686	2026-06-07	pim_html5.html	PIM HTML5 - Peer Instant Messaging
700449aadd794fac19e543f7d9f884f175034501f20bc415004b5928bc5769f9	23409	2026-06-04	Poetic_Wallet_Suite_v1.html	BIP-39 Haiku Wallet Engine
afda68cb978d1abb0571b65a478c336cd85bb37d0d4ef85fa30dd68d1c73382e	1069	2026-06-21	quine.html	Self-Modifying Web App
8f28725c34a5aae0caf91f4e6b7d3eab8c0ac17bcbf81f624f93adeb7b804785	58077	2026-07-03	quine_viewer (1).html	HTML5 Quine Viewer — React/Vite/Tailwind Compiler
b8d518c36a497ce04234039e8b2f6776c55d8c3f2dfc8aba7853c388b2fa6005	48938	2026-07-03	quine_viewer.html	HTML5 Quine Viewer — Inline Project Previewer
1cfea40be0e764f9ee74fc2e58e88ed860021b0be55eb727dd0d63882be1f765	75215	1980-01-02	radar_scope.html	ADS-B Radar Scope
462772ff86b3639429b52f71bcc3f913dc8ba00b44ac497d28dd6d860d0f404b	9808	2026-06-05	randomEnsÅ.html	Procedural Ensō Generator
6c838851647e57204f4bce890538b7c28f1f582ab9b63e3ff83aede57c591ea2	12440	2026-06-05	randomEnsÅv2.html	Procedural Ensō Generator
44bfba0968c33cb9e45e6cbe1e626ea15c8ff5e9ba1582a1354e63ddedee7ebf	97366	2026-06-06	randomEnsÅv3.html	Ensō Haiku Wallet Forge
f8027b846967d468a872441d8f1d1c3349f5e88452ced2cc5b3e4ed212acd8cd	6025	2026-06-06	randomEnsÅv4.html	BIP-39 Haiku Wallet & Ensō Forge
fa7eace42d790963f178a3d40543a2107d680564f69a0beebddf70e7ae22de41	465432	2026-07-09	Resume.html	ACME Cryptographic Audit Workstation // Steven Greeran Portfolio
4ac6c7caf7c0a12c678a4d5ce2069b884c3c39fcdcac38f6dd3fa6e6edec4a37	242321	2026-07-01	rodger-ramrod.html	Rodger Ramrod HTML5 App
30cbd5385f70c6875c6257a670778fa51193e004e943be539d7a9e9ef1c894df	234182	2026-07-01	Rodger_Ramrod_HTML5_Quine.html	Rodger Ramrod HTML5 App
bceb4fa1b483d36f461daad2fc29d0e95d0b5c56f5ab849a81c16c6002696f39	1539942	2026-07-04	sanborn-codex (1).html	Sanborn Codex · The Encrypted Art of Jim Sanborn
efb822083f577c0023f0d2c866f92d062ff2c812b554ba089d68f4e8da37cabf	1544878	2026-07-04	sanborn-codex (2).html	Sanborn Codex · The Encrypted Art of Jim Sanborn
daff13f3350f697ffe0865d8f886dc2b75c1576fd2c1271af7a67d2566360818	1561882	2026-07-04	sanborn-codex (3).html	Sanborn Codex · The Encrypted Art of Jim Sanborn
e8827355cb328447ccf56b3a21ddc65c430e09316eda72e797b5aae2783cef40	1516508	2026-07-04	sanborn-codex.html	Sanborn Codex · The Encrypted Art of Jim Sanborn
35370eaa4176b1be75c262ea57b28b9d958ef75f4a1d03398a679fef7031685b	162060	1980-01-02	scanned_wallets (1).html	Banano Scanned Wallets Report
35370eaa4176b1be75c262ea57b28b9d958ef75f4a1d03398a679fef7031685b	162060	1980-01-02	scanned_wallets.html	Banano Scanned Wallets Report
5258c95f5fd8227a1da57f2f3e63882abc15ff59b310521dd472e6c59b875e29	14546	2026-06-05	scraper.html	Standalone Page Scraper
52aed178492fe1f6273b810b1e3c69f13f84665d4abf252af0c2ab5a6ca82e64	14460	2026-06-05	scraperv2.html	Standalone Page Scraper
f6c51a963c34786baa656ef023a7bc804c9fc962884ae5811cdccbbf0d5bd3ac	7730	2026-06-05	scrapetogether.html	HTML5 Standalone Web Scraper
24f3823e62c7272319bb81ccbc4ec3f07df8a98557ed908da0e42707895243e7	7088	2026-06-05	scrapy.html	Web Scraper & JS Extractor
8bce7dfd96a4357c04091ef046d373cb09f4492be520c70a38465f1c33ce0fd8	9019	2026-06-05	scrapyv2.html	Web Page Scraper
aa4c1b06499c7b909c96fa5e09f158bfdca948eb3c5c206bf256af5dd95c6908	41209	1980-01-02	secops-purple-team-suite (1).html	Purple Team Training Suite - SecOps Simulation Lab
aa4c1b06499c7b909c96fa5e09f158bfdca948eb3c5c206bf256af5dd95c6908	41209	1980-01-02	secops-purple-team-suite (2).html	Purple Team Training Suite - SecOps Simulation Lab
aa4c1b06499c7b909c96fa5e09f158bfdca948eb3c5c206bf256af5dd95c6908	41209	1980-01-02	secops-purple-team-suite (3).html	Purple Team Training Suite - SecOps Simulation Lab
aa4c1b06499c7b909c96fa5e09f158bfdca948eb3c5c206bf256af5dd95c6908	41209	1980-01-02	secops-purple-team-suite.html	Purple Team Training Suite - SecOps Simulation Lab
df7f22a3c6114e5771841943ff9fa88683b4f984966995063a4aa9ce5774248b	593330	2026-07-16	seize_quartiers.html	Seize Quartiers - Family Tree Visualization &amp; Query Workbench
5bae53c3ac553c2dd6f1aeda9fefb821a27f11bc7c2f2b7c0dceaee1a69416c7	549506	2026-07-16	seize_quartiers_quine_2026-07-16T17-52-56.html	Seize Quartiers - Family Tree Visualization & Query Workbench
7c379eb069b3fe1f2124434ee254a8d885097df182165cbd26340a2a55cf545e	561077	2026-07-18	seize_quartiers_quine_2026-07-18T14-21-19.html	Seize Quartiers - Family Tree Visualization & Query Workbench
7c379eb069b3fe1f2124434ee254a8d885097df182165cbd26340a2a55cf545e	561077	2026-07-18	seize_quartiers_quine_2026-07-18T14-29-59.html	Seize Quartiers - Family Tree Visualization & Query Workbench
ec0507f6c15f7f81c3062208ab25cabfd53747856a1a2cc417a8a1be1fe91bbe	612493	2026-07-18	seize_quartiers_quine_2026-07-18T16-57-44.html	Seize Quartiers - Family Tree Visualization & Query Workbench
5a39b01d21bcfef1b3ac248f82b580746695004146bfb057f7c94d86083cc877	620189	2026-07-18	seize_quartiers_quine_2026-07-18T17-01-15.html	Seize Quartiers - Family Tree Visualization & Query Workbench
187aeef1796646e7085b26dadd8f4949487799328a8e624fff94aa390346cb15	645095	2026-07-18	seize_quartiers_quine_2026-07-18T19-41-14.html	Seize Quartiers - Family Tree Visualization & Query Workbench
99ddb0be484f9917a7f56115b28416c89367689569cf1a231e92880694e90b33	642191	2026-07-19	seize_quartiers_quine_2026-07-19T12-49-46.html	Seize Quartiers - Family Tree Visualization & Query Workbench
99ddb0be484f9917a7f56115b28416c89367689569cf1a231e92880694e90b33	642191	2026-07-19	seize_quartiers_quine_2026-07-19T13-03-55.html	Seize Quartiers - Family Tree Visualization & Query Workbench
2f3275858ac502510b446ec301a0a3b312f91a18593edbdf3690e580d788c54c	683232	2026-07-19	seize_quartiers_quine_2026-07-19T17-59-04.html	Seize Quartiers - Family Tree Visualization & Query Workbench
2f3275858ac502510b446ec301a0a3b312f91a18593edbdf3690e580d788c54c	683232	2026-07-19	seize_quartiers_quine_2026-07-19T18-01-24.html	Seize Quartiers - Family Tree Visualization & Query Workbench
8025125d4d489dab539ab5ecde4afde7c4e6899c9fa836df01b21bd2e001a17b	716055	2026-07-20	seize_quartiers_quine_2026-07-20T12-30-45.html	Seize Quartiers - Family Tree Visualization & Query Workbench
643f13aa71febee30c11070031c3022dda7baf8576878795db3e688ae2d36430	753946	2026-07-27	seize_quartiers_quine_2026-07-28T00-17-46.html	Seize Quartiers - Family Tree Visualization & Query Workbench
aa9300c6ddeab8b047794af35e6808e53105a7a8d5297d8bb2d9c26b36046108	789445	2026-07-27	seize_quartiers_quine_2026-07-28T01-47-12.html	Seize Quartiers - Family Tree Visualization & Query Workbench
cf9975931d600e11b10d9be32c95d692d92285752f3c20d100df218f1e283df7	785999	2026-07-27	seize_quartiers_quine_2026-07-28T02-01-10.html	Seize Quartiers - Family Tree Visualization & Query Workbench
a56e869fae2bad9a988ee1b2840302a2f2a378a98562d29282da621a369a1c6e	847562	2026-07-29	seize_quartiers_quine_2026-07-29T09-24-23.html	Seize Quartiers - Family Tree Visualization & Query Workbench
27f540b1be0d262e2d003177b7779d336d1f24443965691bf8fccb0e0dc93c9e	883912	2026-07-29	seize_quartiers_quine_2026-07-29T11-22-42.html	Seize Quartiers - Family Tree Visualization & Query Workbench
c967e977259ec17f9988333ab12f572c1ca3b64f2986a660d9693cbc24a03888	900156	2026-07-30	seize_quartiers_quine_2026-07-31T00-25-18.html	Seize Quartiers - Family Tree Visualization & Query Workbench
2ba3225b785b2a354770d2cdcc55bede37cee3ffee8a00f46fae594f81239613	914500	2026-08-01	seize_quartiers_quine_2026-08-01T10-39-49.html	Seize Quartiers - Family Tree Visualization & Query Workbench
8e2bf33605d7ac7a292aa72a03b912813baf5eac96b0fce27228fa32465f3cad	20776	1980-01-02	self-updating-template.html	Self-Updating HTML5 Template
01b548ce21984ca36a072e7551d34fc0c522d188141f29d2dfc7a10518a0bcdb	698150	2026-06-17	the-vault-bundle (1).html	The Vault - Members Only
4b09555d9aecf7626c2c840290310472ca3de20edb69033fe1a0349ab8de86d9	695303	2026-06-17	the-vault-bundle (2).html	The Vault - Members Only
ea4d68efc88828607acd5a5596fd61647aabd6896f2ce5c11da4df495d57a10b	656586	2026-06-17	the-vault-bundle.html	The Vault - Members Only
8e1bfdff6308e6d64268042e6bce308dcc80fb0756cfa6c330e1158f27548eb6	694700	2026-06-17	the-vault-news-globe (1).html	The Vault - Members Only
7bf4c3feb4e35fe9ebc1cdd7fca8ed602b306cfcd6d7a5ef58c8aec81fde8a75	693460	2026-06-17	the-vault-news-globe.html	The Vault - Members Only
b9b69778f9b05803077d0d24df9c654228d9f0e4841ffce85d60fa42c9f5a459	515719	2026-06-21	unified-html5-utility-suite.html	Unified HTML5 Cryptography &amp; Utility Suite
9ab9d9cd9ab26ceaf631b86e43db37d0b523a684e32bbf3c977ca669b58813d2	234	2026-06-05	variables.html	
574af119cf3a8b20e9ab31c0301cec211ae8cdc039d14b4c882669282dc0f643	7397	2026-06-21	webtools-hub-quine (1).html	WebTools Hub - Standalone
6e7c346b9e79f1ce8fe6013bd017f16eea09f3dc930aaa7fb81ef8c50858d449	1380	2026-06-21	webtools-hub-quine.html	WebTools Hub - Standalone
ce2d08025444eff68116290641841fb2c69d5f4d013162abada05ba9cdd08f8c	22195	2026-06-04	Zen_Walletv1.html	BIP-39 Haiku Wallet Engine
a6217a1d5aa5cc6295835fd67b7f7c6ef0489e71ded8c4b3950439699b0afb2c	48697	2026-06-27	zip_offline_viewer.html	HTML5 Offline ZIP Audit & Repair Viewer
